Neighborhood,Lat,Lon
Alamo Square,37.791012,-122.4021
Anza Vista,37.779598,-122.443451
Bayview,37.73467,-122.40106
Bayview Heights,37.72874,-122.41098
Bernal Heights,37.72863,-122.44305
Buena Vista Park,37.76816,-122.43933
Central Richmond,37.77789,-122.44517
Central Sunset,37.74961,-122.48999
Clarendon Heights,37.75331,-122.44703
Corona Heights,37.78553,-122.456
Cow Hollow,37.79298,-122.43579
Croker Amazon,37.7228,-122.43869
Diamond Heights,37.72863,-122.44305
Downtown,37.79101,-122.4021
Duboce Triangle,37.76964,-122.42611
Eureka Valley/Dolores Heights,37.75554,-122.43779
Excelsior,37.72874,-122.41098
Financial District North,37.79101,-122.4021
Financial District South,37.79101,-122.4021
Forest Knolls,37.75706,-122.45509
Glen Park,37.72863,-122.44305
Golden Gate Heights,37.757912,-122.46402
Haight Ashbury,37.76525,-122.43596
Hayes Valley,37.76525,-122.43596
Hunters Point,37.72551,-122.37178
Ingleside,37.721161,-122.487068
Ingleside Heights,37.72116,-122.48707
Inner Mission,37.75416,-122.41947
Inner Parkside,37.74961,-122.48999
Inner Richmond,37.769112,-122.483566
Inner Sunset,37.74961,-122.48997
Jordan Park/Laurel Heights,37.78553,-122.456
Lake --The Presidio,37.80152,-122.45457
Lone Mountain,37.7789,-122.45496
Lower Pacific Heights,37.79298,-122.43579
Marina,37.79972,-122.46689
Merced Heights,37.71993,-122.46595
Midtown Terrace,37.75331,-122.44703
Miraloma Park,37.73415,-122.457
Mission Bay,37.78323,-122.40065
Mission Dolores,37.75184,-122.42522
Mission Terrace,37.72863,-122.44305
Nob Hill,37.79298,-122.43579
Noe Valley,37.75331,-122.44703
North Beach,37.80055,-122.40433
North Waterfront,37.80055,-122.40433
Oceanview,37.71993,-122.46595
Outer Mission,37.7228,-122.43869
Outer Parkside,37.7517,-122.446
Outer Richmond,37.76911,-122.48357
Outer Sunset,37.74961,-122.48999
Pacific Heights,37.79298,-122.43579
Park North,37.72838,-122.47851
Parkside,37.74961,-122.48999
Parnassus/Ashbury Heights,37.76355,-122.45765
Portola,37.73467,-122.40106
Potrero Hill,37.73196,-122.38324
Presidio Heights,37.78553,-122.456
Russian Hill,37.79298,-122.43579
Silver Terrace,37.73467,-122.40106
South Beach,37.78323,-122.40065
South of Market,37.79101,-122.4021
Sunnyside,37.73415,-122.457
Telegraph Hill,37.80055,-122.40433
Twin Peaks,37.753311,-122.447029
Union Square District,37.79101,-122.4021
Van Ness/ Civic Center,37.77951,-122.42022
Visitacion Valley,37.72874,-122.41098
West Portal,37.74026,-122.46388
Western Addition,37.79298,-122.43579
Westwood Highlands,37.7347,-122.456854
Westwood Park,37.73415,-122.457
Yerba Buena,37.79298,-122.39636